complex_name,uniprot_1,uniprot_2,uniprot_3,uniprot_4,transmembrane,peripheral,secreted,secreted_desc,secreted_highlight,receptor,receptor_desc,integrin,other,other_desc,pdb_id,pdb_structure,stoichiometry,comments_complex
contactin complex II,Q12860,Q92823,,,TRUE,FALSE,FALSE,,FALSE,FALSE,,FALSE,FALSE,,,FALSE,,NRCAM bind in cis and in trans to contactin-1
FCyR1A,P12314,P30273,,,TRUE,FALSE,FALSE,,FALSE,TRUE,Human IgG receptor,FALSE,FALSE,,,FALSE,,Also called CD64. Interacts with FCERG1; forms a functional signaling complex
IL6 receptor,P08887,P40189,,,TRUE,FALSE,FALSE,,FALSE,TRUE,Cytokine receptor IL6 family,FALSE,FALSE,,1p9m,binding,IL6;IL6;IL6R;IL6R;IL6ST;IL6ST,Signal activation necessitate an association with IL6ST.
AT8B4CC50B complex,Q8TF62,Q3MIR4,,,TRUE,FALSE,FALSE,,FALSE,FALSE,,FALSE,FALSE,,,FALSE,,Interacts with beta subunits TMEM30A and TMEM30B
KCNV1KCNB2 complex,Q6PIU1,Q92953,,,TRUE,FALSE,FALSE,,FALSE,FALSE,,FALSE,FALSE,,,FALSE,,Has to be associated with another potassium channel subunit to get inserted in the plasma membrane. Remains intracellular in the absence of KCNB2.
LRFN3LRFN5 complex,Q9BTN0,Q96NI6,,,TRUE,FALSE,FALSE,,FALSE,FALSE,,FALSE,FALSE,,,FALSE,,"Can form heteromeric complexes with LRFN1, LRFN2, LRFN4 and LRFN5."
PlexinA4_complex1,O14786,Q9HCM2,,,TRUE,FALSE,FALSE,,FALSE,TRUE,,FALSE,FALSE,,,FALSE,,PMID: 22325954
IL36 receptor,Q9HB29,Q9NPH3,,,TRUE,FALSE,FALSE,,FALSE,TRUE,Cytokine receptor IL1 family,FALSE,FALSE,,,FALSE,,After binding to interleukin-36 associates with the coreceptor IL1RAP to form the interleukin-36 receptor complex
serotonin receptor 1,A5X5Y0,P46098,,,TRUE,FALSE,FALSE,,FALSE,TRUE,,FALSE,FALSE,,,FALSE,,Forms a pentaheteromeric complex with HTR3A.
OSMR,Q99650,P40189,,,TRUE,FALSE,FALSE,,FALSE,TRUE,Cytokine receptor IL6 family,FALSE,FALSE,,,FALSE,,Heterodimer composed of OSMR and IL6ST (type II OSM receptor).
PlexinA1_complex1,Q9UIW2,P35968,,,TRUE,FALSE,FALSE,,FALSE,TRUE,,FALSE,FALSE,,,FALSE,,PMID: 22325954
a9b1 complex,P05556,Q13797,,,TRUE,FALSE,FALSE,,FALSE,FALSE,,TRUE,FALSE,,,FALSE,,Well known integrin combination
NKG2D II receptor,P26718,Q9UBK5,,,TRUE,FALSE,FALSE,,FALSE,TRUE,hematopoyetic receptor,FALSE,FALSE,,,FALSE,,Heterohexamer composed of two subunits of KLRK1 and four subunits of HCST/DAP10.
aVb3 complex,P06756,P05106,,,TRUE,FALSE,FALSE,,FALSE,FALSE,,TRUE,FALSE,,1jv2,TRUE,ITGAV;ITGB3,Well known integrin combination
IL1 receptor inhibitor,P27930,Q9NPH3,,,TRUE,FALSE,FALSE,,FALSE,TRUE,Cytokine receptor IL1 family,FALSE,FALSE,,3o4o,binding,IL1B;IL1R2;IL1RAP,After binding to interleukin-1 associates with the corecptor IL1RAP to form the high affinity interleukin-1 receptor antagonist complex
ERBB2_ERBB3 complex,P04626,P21860,,,TRUE,FALSE,FALSE,,FALSE,TRUE,,FALSE,FALSE,,,FALSE,,"Protein tyrosine kinase that is part of several cell surface receptor complexes, but that apparently needs a coreceptor for ligand binding."
FCyR3A,P08637,P30273,,,TRUE,FALSE,FALSE,,FALSE,TRUE,Human IgG receptor,FALSE,FALSE,,,FALSE,,Exists as a heterooligomeric receptor complex with Fc epsilon receptor I gamma subunit and / or the CD3 zeta subunit.
FZD4TSN12 complex,Q9ULV1,O95859,,,TRUE,FALSE,FALSE,,FALSE,TRUE,,FALSE,FALSE,,,FALSE,,"Component of a complex, at least composed of TSPAN12, FZD4 and norrin (NDP)"
Insulin receptor,P05019,P08069,P06213,,TRUE,FALSE,FALSE,,FALSE,TRUE,Hormone,FALSE,FALSE,,4xss,TRUE,IGF1;IGF1R;INSR," Forms a hybrid receptor with IGF1R, the hybrid is a tetramer consisting of 1 alpha chain and 1 beta chain of INSR and 1 alpha chain and 1 beta chain of IGF1R."
LAT1 transporter,Q01650,P08195,,,TRUE,FALSE,FALSE,,FALSE,FALSE,,FALSE,FALSE,,,FALSE,,Located to the plasma membrane by SLC3A2/4F2hc
IL17 receptor AE,Q96F46,Q8NFR9,,,TRUE,FALSE,FALSE,,FALSE,TRUE,Cytokine receptor IL17 family,FALSE,FALSE,,,FALSE,,Forms heterodimers with IL17RE; the heterodimer binds IL17C
LRFN2LRFN5 complex,Q9ULH4,Q96NI6,,,TRUE,FALSE,FALSE,,FALSE,FALSE,,FALSE,FALSE,,,FALSE,,"Forms heteromeric complexes with LRFN1, LRFN3, LRFN4 and LRFN5."
TYROBP complex,A8K4G0,O43914,Q9UBK5,,TRUE,FALSE,FALSE,,FALSE,TRUE,,FALSE,FALSE,,,FALSE,,"Interacts with TYROBP, which enhances cell surface expression and activation properties"
a2b1 complex,P05556,P17301,,,TRUE,FALSE,FALSE,,FALSE,FALSE,,TRUE,FALSE,,,FALSE,,Well known integrin combination
IL2 receptor_I,P14784,P31785,,,TRUE,FALSE,FALSE,,FALSE,TRUE,Cytokine receptor IL2 family,FALSE,FALSE,,3qaz,binding,,
IL35 receptor,P40189,Q99665,,,TRUE,FALSE,FALSE,,FALSE,TRUE,Cytokine receptor IL1 family,FALSE,FALSE,,,FALSE,,
NCR3 receptor,O14931,P20963,,,TRUE,FALSE,FALSE,,FALSE,TRUE,,FALSE,TRUE,NK receptor recognition,,FALSE,,Interacts with CD3Z
somatostatin receptor,P30874,P32745,,,TRUE,FALSE,FALSE,,FALSE,TRUE,,FALSE,FALSE,,,FALSE,,Homodimer and heterodimer with SSTR3 and SSTR5.
Polycistin complex I,P98161,Q13563,,,TRUE,FALSE,FALSE,,FALSE,FALSE,,FALSE,FALSE,,,FALSE,,PKD1 localization to the plasma and ciliary membranes requires PKD2
FLT1 complex,P17948,P35968,,,TRUE,FALSE,FALSE,,FALSE,TRUE,,FALSE,TRUE,Migration,,FALSE,,Can also form a heterodimer with KDR.
CD1C complex,P29017,P61769,,,TRUE,FALSE,FALSE,,FALSE,FALSE,,FALSE,FALSE,,,FALSE,,Heterodimer with B2M (beta-2-microglobulin).
RAMP1 complex,Q16602,O60894,,,TRUE,FALSE,FALSE,,FALSE,TRUE,,FALSE,FALSE,,3n7p,TRUE,CALCRL;RAMP1,Heterodimer of CALCRL and RAMP3 (By similarity). Heterodimer of CALCRL and RAMP1 or CALCRL and RAMP2.
a10b1 complex,P05556,O75578,,,TRUE,FALSE,FALSE,,FALSE,FALSE,,TRUE,FALSE,,,FALSE,,Well known integrin combination
CNTF-1R,P26992,P42702,P40189,,TRUE,FALSE,FALSE,,FALSE,TRUE,Cytokine receptor IL6 family,FALSE,FALSE,,,FALSE,,"Heterotrimer of the alpha subunit, LIFR and IL6ST."
PDGFR complex,P16234,P09619,,,TRUE,FALSE,FALSE,,FALSE,TRUE,growth factor receptor,FALSE,FALSE,,,FALSE,,heterodimers formed by PDGFA and PDGFB
PlexinA2_complex1,O14786,O75051,,,TRUE,FALSE,FALSE,,FALSE,TRUE,,FALSE,FALSE,,,FALSE,,PMID: 22325954
RAMP2 complex,Q16602,O60895,,,TRUE,FALSE,FALSE,,FALSE,TRUE,,FALSE,FALSE,,3aqf,TRUE,CALCRL;RAMP2,Heterodimer of CALCRL and RAMP3 (By similarity). Heterodimer of CALCRL and RAMP1 or CALCRL and RAMP2.
TREM2 receptor,Q9NZC2,O43914,,,TRUE,FALSE,FALSE,,FALSE,TRUE,,FALSE,FALSE,,,FALSE,,Interacts with TYROBP/DAP12
5HT3D receptor,Q70Z44,P46098,,,TRUE,FALSE,FALSE,,FALSE,TRUE,,FALSE,FALSE,,,FALSE,,Presumably retained within the endoplasmic reticulum unless complexed with HTR3A.
KCNG1KCNB1 complex,Q9UIX4,Q14721,,,TRUE,FALSE,FALSE,,FALSE,FALSE,,FALSE,FALSE,,,FALSE,,Colocalizes with KCNB1 at the plasma membrane
UNC5D receptor,Q6UXZ4,P43146,,,TRUE,FALSE,FALSE,,FALSE,TRUE,,FALSE,FALSE,,,FALSE,,Interacts with the cytoplasmic part of DCC.
IL22 receptor,Q8N6P7,Q08334,,,TRUE,FALSE,FALSE,,FALSE,TRUE,"Cytokine receptor IL10 family, IL20 subfamily",FALSE,FALSE,,3dgc,binding,IL22;IL22RA1,Component of IL22 receptor formed by IL22RA1 and IL10RB
S12A9S12A9 complexes,Q9BXP2,Q13621,,,TRUE,FALSE,FALSE,,FALSE,FALSE,,FALSE,FALSE,,,FALSE,,Interacts with SLC12A1.
P2X7 receptor-Pannexin1 complex,Q96RD7,Q99572,,,TRUE,FALSE,FALSE,,FALSE,TRUE,,FALSE,FALSE,,,FALSE,,PMID: 18596211
glutamate complex,Q14416,P28223,,,TRUE,FALSE,FALSE,,FALSE,TRUE,,FALSE,FALSE,,,FALSE,,mGluR2 and serotonin 2A receptor (5-HT2A) form complexes that mediate alterations in cellular response in the brain
Sodium channel complex,P37088,P51168,P51170,,TRUE,FALSE,FALSE,,FALSE,FALSE,,FALSE,FALSE,,,FALSE,,"Heterotrimer containing an alpha/SCNN1A, a beta/SCNN1B and a gamma/SCNN1G subunit."
CD1D complex,P61769,P15813,,,TRUE,FALSE,FALSE,,FALSE,FALSE,,FALSE,FALSE,,1zt4,TRUE,B2M;CD1D,Heterodimer with B2M (beta-2-microglobulin). Interacts with MHC II.
FAT4 complex,Q96JQ0,Q6V0I7,,,TRUE,FALSE,FALSE,,FALSE,FALSE,,FALSE,FALSE,,,FALSE,,Heterophilic interaction with FAT4; this interaction affects their respective protein levels.
KCNV2 complex,Q8TDN2,Q14721,,,TRUE,FALSE,FALSE,,FALSE,FALSE,,FALSE,FALSE,,,FALSE,,Has to be associated with KCNB1 or possibly another partner to get inserted in the plasma membrane. Remains intracellular in the absence of KCNB1.
DUOX1 complex,Q9NRD9,Q1HG43,,,TRUE,FALSE,FALSE,,FALSE,FALSE,,FALSE,FALSE,,,FALSE,,May be required for the maturation and the transport from the endoplasmic reticulum to the plasma membrane of functional DUOX1.
potassium complex,P16389,P22459,,,TRUE,FALSE,FALSE,,FALSE,FALSE,,FALSE,FALSE,,,FALSE,,Coexpression with KCNA4 or with beta subunits promotes expression at the cell membrane.
SSR complex,P43307,P43308,P51571,Q9UNL2,TRUE,FALSE,FALSE,,FALSE,FALSE,,FALSE,FALSE,,,FALSE,,"Heterotetramer of TRAP-alpha, TRAP-beta, TRAP-delta and TRAP-gamma. Interacts with palmitoylated calnexin (CALX)"
IL12,P29459,P29460,,,FALSE,FALSE,TRUE,"Cytokine receptor IL6 family, IL12 subfamily",TRUE,FALSE,,FALSE,FALSE,,1f45,TRUE,IL12A;IL12B,
TIE1TEK_receptor,P35590,Q02763,,,TRUE,FALSE,FALSE,,FALSE,TRUE,,FALSE,FALSE,,,FALSE,,Heterodimer with TEK/TIE2
potasium complex,O00180,O95069,,,TRUE,FALSE,FALSE,,FALSE,FALSE,,FALSE,FALSE,,,FALSE,,The heterodimer with KCNK2 is detected at the astrocyte cell membrane.
BMPR1B_BMPR2,O00238,Q13873,,,TRUE,FALSE,FALSE,,FALSE,TRUE,TGFBeta_receptor_add,FALSE,FALSE,,,FALSE,,Serine/threonine kinase heterodimer upon ligand binding
dopamine 1 receptor,P21728,Q6Y2X3,,,TRUE,FALSE,FALSE,,FALSE,TRUE,,FALSE,FALSE,,,FALSE,,Transport from the endoplasmic reticulum to the cell surface is regulated by interaction with DNAJC14
somatostatin receptor II,P30874,P35346,,,TRUE,FALSE,FALSE,,FALSE,TRUE,,FALSE,FALSE,,,FALSE,,Homodimer and heterodimer with SSTR3 and SSTR5.
aDb2 complex,P05107,Q13349,,,TRUE,FALSE,FALSE,,FALSE,FALSE,,TRUE,FALSE,,,FALSE,,Well known integrin combination
CNTN6NCHL1 complex,Q9UQ52,O00533,,,TRUE,FALSE,FALSE,,FALSE,FALSE,,FALSE,FALSE,,,FALSE,,CHL1 associates with NB-3/contactin-6 in cis and enhances cell surface expression of NB-3
IL31 receptor,Q8NI17,Q99650,,,TRUE,FALSE,FALSE,,FALSE,TRUE,Cytokine receptor IL6 family,FALSE,FALSE,,,FALSE,,Associates with OSMR to form the interleukin-31 receptor
aXb2 complex,P20702,P05107,,,TRUE,FALSE,FALSE,,FALSE,FALSE,,TRUE,FALSE,,3k6s,TRUE,ITGAX;ITGB2,Well known integrin combination
ADA12 complex,O43184,P63244,,,TRUE,FALSE,FALSE,,FALSE,FALSE,,FALSE,FALSE,,,FALSE,,Interacts with GNB2L1/RACK1; the interaction is required for PKC-dependent translocation of ADAM12 to the cell membrane.
IL18 receptor,Q14116,Q13478,O95256,,TRUE,FALSE,FALSE,,FALSE,TRUE,Cytokine receptor IL1 family,FALSE,FALSE,,3wo4,TRUE,IL18;IL18R1;IL18RAP,Cytokine receptor family; Interleukin 18 family
CLM2  receptor,Q496F6,O43914,,,TRUE,FALSE,FALSE,,FALSE,TRUE,,FALSE,FALSE,,,FALSE,,Interacts with TYROBP
IL20 receptor Type I,Q9UHF4,Q6UXL0,,,TRUE,FALSE,FALSE,,FALSE,TRUE,"Cytokine receptor IL10 family, IL20 subfamily",FALSE,FALSE,,,FALSE,,The IL20RA/IL10RB dimer is a receptor for IL26
contactin complex V,Q02246,P32004,,,TRUE,FALSE,FALSE,,FALSE,FALSE,,FALSE,FALSE,,,FALSE,,L1 binds to TAG-1 (contactin 2) in cis
aLb2 complex,P05107,P20701,,,TRUE,FALSE,FALSE,,FALSE,FALSE,,TRUE,FALSE,,,FALSE,,Well known integrin combination
aVb8 complex,P26012,P06756,,,TRUE,FALSE,FALSE,,FALSE,FALSE,,TRUE,FALSE,,,FALSE,,Well known integrin combination
Agrin complex,O15146,O00468,O75096,Q18PE1,TRUE,FALSE,FALSE,,FALSE,TRUE,,FALSE,FALSE,,3ml4,partial,DOK7;DOK7;MUSK;MUSK,MUSK Interacts with LRP4; the heterodimer forms an AGRIN receptor complex that binds AGRIN resulting in activation of MUSK
leucine rich complex,Q6PJG9,Q96NI6,,,TRUE,FALSE,FALSE,,FALSE,FALSE,,FALSE,TRUE,Others,,FALSE,,"Can form heteromeric complexes with LRFN1, LRFN2, LRFN3 and LRFN5."
ATPase complex III,P98198,Q3MIR4,,,TRUE,FALSE,FALSE,,FALSE,FALSE,,FALSE,FALSE,,,FALSE,,Exit from the endoplasmic reticulum requires the presence of TMEM30A or TMEM30B. Localizes to apical membranes in epithelial cells.
KIRS4,P43632,O43914,,,TRUE,FALSE,FALSE,,FALSE,TRUE,KIR_add,FALSE,FALSE,,,FALSE,,
tetraspanin complex,Q9Y653,P60033,P21926,P29992,TRUE,FALSE,FALSE,,FALSE,TRUE,,FALSE,FALSE,,,FALSE,,"Part of a GPCR-tetraspanin complex at least consisting of GPR56, CD81, eventually CD9, and GNA11 in which CD81 is enhancing the association of GPR56 with GNA11."
IL1 receptor,P14778,Q9NPH3,,,TRUE,FALSE,FALSE,,FALSE,TRUE,Cytokine receptor IL1 family,FALSE,FALSE,,4dep,binding,IL1B;IL1R1;IL1RAP,After binding to interleukin-1 associates with the corecptor IL1RAP to form the high affinity interleukin-1 receptor complex
HHLA2 complex,Q9UM44,Q96BF3,,,TRUE,FALSE,FALSE,,FALSE,FALSE,,FALSE,TRUE,Ligand,,FALSE,,Interacts with TMIGD2.
IL10 receptor,Q13651,Q08334,,,TRUE,FALSE,FALSE,,FALSE,TRUE,Cytokine receptor IL10 family,FALSE,FALSE,,,FALSE,,Heterodimer of an alpha and a beta subunit.
Polycistin complex III,Q9P0L9,Q7Z443,,,TRUE,FALSE,FALSE,,FALSE,FALSE,,FALSE,FALSE,,,FALSE,,Interaction with PKD1 or PKD1L3 is required for localization to the cell membrane.
IL17 receptor AB,Q96F46,Q9NRM6,,,TRUE,FALSE,FALSE,,FALSE,TRUE,Cytokine receptor IL17 family,FALSE,FALSE,,,FALSE,,
CLM6 complex,Q08708,O43914,P30273,,TRUE,FALSE,FALSE,,FALSE,TRUE,,FALSE,FALSE,,,FALSE,,
IL23 receptor,P42701,Q5VWK5,,,TRUE,FALSE,FALSE,,FALSE,TRUE,"Cytokine receptor IL6 family, IL12 subfamily",FALSE,FALSE,,,FALSE,,Associates also with IL23R to form the interleukin-23 receptor which functions in IL23 signal transduction
aminoacid  transporter,Q9UHI5,P08195,,,TRUE,FALSE,FALSE,,FALSE,FALSE,,FALSE,FALSE,,,FALSE,,"Localized to the cytoplasm when expressed alone but when coexpressed with SLC3A2/4F2hc, is localized to the plasma membrane"
TSLPR,P16871,Q9HC73,,,TRUE,FALSE,FALSE,,FALSE,TRUE,"Cytokine receptor IL2 family, IL7 subfamily",FALSE,FALSE,,5j11,binding,CRLF2;IL7R;TSLP,The TSLP receptor is a heterodimer of CRLF2 and IL7R.
PlexinA1_complex3,O14786,Q9UIW2,,,TRUE,FALSE,FALSE,,FALSE,TRUE,,FALSE,FALSE,,,FALSE,,PMID: 22325954
IL4 receptor,P31785,P24394,,,TRUE,FALSE,FALSE,,FALSE,TRUE,"Cytokine receptor IL2 family, IL4 subfamily",FALSE,FALSE,,3qb7,TRUE,IL2RG;IL4R,"The functional IL4 receptor is formed by initial binding of IL4 to IL4R. Subsequent recruitment to the complex of the common gamma chain, in immune cells"
NCR2 receptor,O95944,O43914,,,TRUE,FALSE,FALSE,,FALSE,TRUE,,FALSE,TRUE,NK receptor recognition,,FALSE,,Interacts with TYROBP/DAP12
FcRn complex,P61769,P55899,,,TRUE,FALSE,FALSE,,FALSE,TRUE,Human IgG receptor,FALSE,TRUE,"transports immunoglobulin G (IgG) across epithelia,",1exu,TRUE,B2M;FCGRT,"FcRn complex consist of two subunits: p51, and p14 which is equivalent to beta-2-microglobulin. It forms an MHC class I-like heterodimer"
opioid receptor S,P35372,P30874,,,TRUE,FALSE,FALSE,,FALSE,TRUE,,FALSE,FALSE,,,FALSE,,"Forms homooligomers and heterooligomers with other GPCRs, such as SSTR2 (probably in dimeric forms)"
aVb1 complex,P05556,P06756,,,TRUE,FALSE,FALSE,,FALSE,FALSE,,TRUE,FALSE,,,FALSE,,Well known integrin combination
KCND2KCIP4 complex,Q9NZV8,Q6PIL6,,,TRUE,FALSE,FALSE,,FALSE,FALSE,,FALSE,FALSE,,,FALSE,,Modulates KCND2 channel density
opioid receptor CCR5,P35372,P51681,,,TRUE,FALSE,FALSE,,FALSE,TRUE,,FALSE,FALSE,,,FALSE,,"Forms homooligomers and heterooligomers with other GPCRs, such as CCR5 (probably in dimeric forms)"
KCNG2KCNB1 complex,Q9UJ96,Q14721,,,TRUE,FALSE,FALSE,,FALSE,FALSE,,FALSE,FALSE,,,FALSE,,Heterodimer with KCNB1. Does not form homomultimers.
glucagon receptor,P43220,P48546,,,TRUE,FALSE,FALSE,,FALSE,TRUE,,FALSE,FALSE,,,FALSE,,May form homodimers and heterodimers with GIPR
Type I IFNR,P17181,P48551,,,TRUE,FALSE,FALSE,,FALSE,TRUE,Cytokine receptor family,FALSE,FALSE,,3se3,binding,IFNA2;IFNAR1;IFNAR2,Heterodimer with IFNAR2
contactin complex I,Q12860,P78357,,,TRUE,FALSE,FALSE,,FALSE,FALSE,,FALSE,FALSE,,,FALSE,,Interacts with contactin in cis form. Essential for Caspr sorting from the endoplasmic reticulum to the plasma membrane.
CD4 receptor,P49685,P01730,,,TRUE,FALSE,FALSE,,FALSE,TRUE,,FALSE,FALSE,,,FALSE,,Probable chemokine receptor. Alternative coreceptor with CD4 for HIV-1 infection.
LIFR,P42702,P40189,,,TRUE,FALSE,FALSE,,FALSE,TRUE,Cytokine receptor IL6 family,FALSE,FALSE,,,FALSE,,Heterodimer composed of LIFR and IL6ST.
KCNS2KCNB1 complex,Q9ULS6,Q14721,,,TRUE,FALSE,FALSE,,FALSE,FALSE,,FALSE,FALSE,,,FALSE,,Heterotetramer with KCNB1 and KCNB2
AT8B1 complex I,O43520,Q9NV96,,,TRUE,FALSE,FALSE,,FALSE,FALSE,,FALSE,FALSE,,,FALSE,,Exit from the endoplasmic reticulum requires the presence of TMEM30A or TMEM30B. Localizes to apical membranes in epithelial cells.
KCND2KCIP2 complex,Q9NZV8,Q9NS61,,,TRUE,FALSE,FALSE,,FALSE,FALSE,,FALSE,FALSE,,,FALSE,,Increases the presence of KCND2 at the cell surface
AT11C complex,Q8NB49,Q9NV96,,,TRUE,FALSE,FALSE,,FALSE,FALSE,,FALSE,FALSE,,,FALSE,,"Exit from the endoplasmic reticulum requires the presence of TMEM30A, but not that of TMEM30B."
KIRS2,P43631,O43914,,,TRUE,FALSE,FALSE,,FALSE,TRUE,KIR_add,FALSE,FALSE,,,FALSE,,
ATPase complex II,P98198,Q9NV96,,,TRUE,FALSE,FALSE,,FALSE,FALSE,,FALSE,FALSE,,,FALSE,,Exit from the endoplasmic reticulum requires the presence of TMEM30A or TMEM30B. Localizes to apical membranes in epithelial cells.
opioid receptor K 1,P35372,P41145,,,TRUE,FALSE,FALSE,,FALSE,TRUE,,FALSE,FALSE,,,FALSE,,"Forms homooligomers and heterooligomers with other GPCRs, such as OPRK1 (probably in dimeric forms)"
KCNG4 complex,Q8TDN1,Q14721,,,TRUE,FALSE,FALSE,,FALSE,FALSE,,FALSE,FALSE,,,FALSE,,Has to be associated with KCNB1 or possibly another partner to get inserted in the plasma membrane.
a1b1 complex,P05556,P56199,,,TRUE,FALSE,FALSE,,FALSE,FALSE,,TRUE,FALSE,,,FALSE,,Well known integrin combination
IL26 receptor,Q9UHF4,Q08334,,,TRUE,FALSE,FALSE,,FALSE,TRUE,"Cytokine receptor IL10 family, IL20 subfamily",FALSE,FALSE,,,FALSE,,
AT8B1 complex II,O43520,Q3MIR4,,,TRUE,FALSE,FALSE,,FALSE,FALSE,,FALSE,FALSE,,,FALSE,,Exit from the endoplasmic reticulum requires the presence of TMEM30A or TMEM30B. Localizes to apical membranes in epithelial cells.
FZD6 complex,O60353,Q9ULK5,,,TRUE,FALSE,FALSE,,FALSE,TRUE,,FALSE,FALSE,,,FALSE,,Required for cell surface localization of FZD3 and FZD6 in the inner ear (By similarity)
CD94:NKG2A,Q13241,P26715,,,TRUE,FALSE,FALSE,,FALSE,TRUE,,FALSE,FALSE,,,FALSE,,
potasium transporter complex,P54707,Q9NV96,,,TRUE,FALSE,FALSE,,FALSE,FALSE,,FALSE,FALSE,,,FALSE,,"Exit from the endoplasmic reticulum requires the presence of TMEM30A, but not that of TMEM30B."
CD1A complex,P61769,P06126,,,TRUE,FALSE,FALSE,,FALSE,FALSE,,FALSE,TRUE,T cell,1onq,TRUE,B2M;CD1A,Heterodimer with B2M (beta-2-microglobulin).
IL7 receptor,P16871,P31785,,,TRUE,FALSE,FALSE,,FALSE,TRUE,"Cytokine receptor IL2 family, IL7 subfamily",FALSE,FALSE,,,FALSE,,The IL7 receptor is a heterodimer of IL7R and IL2RG.
KCNG3 complex,Q8TAE7,Q14721,,,TRUE,FALSE,FALSE,,FALSE,FALSE,,FALSE,FALSE,,,FALSE,,Has to be associated with KCNB1 or possibly another partner to get inserted in the plasma membrane
IL9 receptor,Q01113,P31785,,,TRUE,FALSE,FALSE,,FALSE,TRUE,Cytokine receptor IL2 family,FALSE,FALSE,,,FALSE,,Cytokine receptor family; Interleukin 9 family
ACVR_1B2B receptor,P36896,Q13705,,,TRUE,FALSE,FALSE,,FALSE,TRUE,TGFBeta_receptor_add,FALSE,FALSE,,,FALSE,,Transmembrane serine/threonine kinase activin type-1 receptor forming an activin receptor complex with activin receptor type-2 (ACVR2A or ACVR2B).
FCeR1,P12319,Q01362,P30273,,TRUE,FALSE,FALSE,,FALSE,TRUE,Fc receptor family,FALSE,FALSE,,,FALSE,,"Fc receptor family; Tetramer of an alpha chain, a beta chain, and two disulfide linked gamma chains."
fibrinogen,P02671,P02679,P02675,,FALSE,TRUE,FALSE,,FALSE,FALSE,,FALSE,FALSE,,,FALSE,,
Polycistin complex II,Q9P0L9,P98161,,,TRUE,FALSE,FALSE,,FALSE,FALSE,,FALSE,FALSE,,,FALSE,,Interaction with PKD1 or PKD1L3 is required for localization to the cell membrane.
IL17 receptor AC,Q96F46,Q8NAC3,,,TRUE,FALSE,FALSE,,FALSE,TRUE,Cytokine receptor IL17 family,FALSE,FALSE,,,FALSE,,NA; the heterodimer binds IL17AF
ACVR_1B2A receptor,P36896,P27037,,,TRUE,FALSE,FALSE,,FALSE,TRUE,TGFBeta_receptor_add,FALSE,FALSE,,,FALSE,,Transmembrane serine/threonine kinase activin type-1 receptor forming an activin receptor complex with activin receptor type-2 (ACVR2A or ACVR2B).
TREM1 receptor,Q9NP99,O43914,,,TRUE,FALSE,FALSE,,FALSE,TRUE,,FALSE,FALSE,,,FALSE,,Interacts with TYROBP/DAP12
ERBB3_ERBB4 complex,P21860,Q15303,,,TRUE,FALSE,FALSE,,FALSE,TRUE,,FALSE,FALSE,,,FALSE,,Heterodimer of an alpha chain and a beta chain (beta-2-microglobulin)
AT10A complex,O60312,Q9NV96,,,TRUE,FALSE,FALSE,,FALSE,FALSE,,FALSE,FALSE,,,FALSE,,"Exit from the endoplasmic reticulum requires the presence of TMEM30A, but not that of TMEM30B"
IL20 receptor Type II,Q8N6P7,Q6UXL0,,,TRUE,FALSE,FALSE,,FALSE,TRUE,"Cytokine receptor IL10 family, IL20 subfamily",FALSE,FALSE,,,FALSE,,Component of IL22 receptor formed by IL22RA1 and IL10RB
ADR complex,Q96A54,Q86V24,,,TRUE,FALSE,FALSE,,FALSE,TRUE,,FALSE,FALSE,,,FALSE,,May form homooligomers and heterooligomers with ADIPOR2.
SLC16A3 complex,P35613,O15427,,,TRUE,FALSE,FALSE,,FALSE,FALSE,,FALSE,TRUE,,,FALSE,,"Plays an important role in targeting the monocarboxylate transporters SLC16A1, SLC16A3 and SLC16A8 to the plasma membrane."
SIRB1 complex,O00241,O43914,,,TRUE,FALSE,FALSE,,FALSE,TRUE,,FALSE,FALSE,,,FALSE,,Homodimer; disulfide-linked. Interacts with TYROBP. This interaction results in the recruitment of SYK.
a8b1 complex,P05556,P53708,,,TRUE,FALSE,FALSE,,FALSE,FALSE,,TRUE,FALSE,,,FALSE,,Well known integrin combination
CD94:NKG2C,Q13241,P26717,,,TRUE,FALSE,FALSE,,FALSE,TRUE,,FALSE,FALSE,,,FALSE,,
dopamine 2 receptor,P14416,P21917,,,TRUE,FALSE,FALSE,,FALSE,TRUE,,FALSE,FALSE,,,FALSE,,Forms homo- and heterooligomers with DRD4.
bradykinin  receptor,P30411,P16284,,,TRUE,FALSE,FALSE,,FALSE,FALSE,,FALSE,FALSE,,,FALSE,,Interacts with PECAM1.
IL37 receptor,Q13478,Q6IA17,,,TRUE,FALSE,FALSE,,FALSE,TRUE,Cytokine receptor IL1 family,FALSE,FALSE,,,FALSE,,"See paper Nold-Petry et al., 2015. Also called IL37"
LRFN2LRFN4 complex,Q9ULH4,Q6PJG9,,,TRUE,FALSE,FALSE,,FALSE,FALSE,,FALSE,FALSE,,,FALSE,,"Forms heteromeric complexes with LRFN1, LRFN3, LRFN4 and LRFN5."
PK1L1PKD2 complex,Q8TDX9,Q13563,,,TRUE,FALSE,FALSE,,FALSE,FALSE,,FALSE,FALSE,,,FALSE,,forms a complex with PKD2 in cilia to facilitate flow detection in left/right patterning.
IL13 receptor,P78552,P24394,,,TRUE,FALSE,FALSE,,FALSE,TRUE,"Cytokine receptor IL2 family, IL4 subfamily",FALSE,FALSE,,3bpo,binding,IL13;IL13RA1;IL4R,Together with IL4RA can form a functional receptor for IL13
aVb6 complex,P06756,P18564,,,TRUE,FALSE,FALSE,,FALSE,FALSE,,TRUE,FALSE,,4um8,TRUE,ITGAV;ITGB6,Well known integrin combination
IL11 receptor,Q14626,P40189,,,TRUE,FALSE,FALSE,,FALSE,TRUE,Cytokine receptor IL6 family,FALSE,FALSE,,,FALSE,,"On ligand binding, forms a multimer complex with IL6ST/gp130."
UPK3A complex,O75631,O75841,,,TRUE,FALSE,FALSE,,FALSE,FALSE,,FALSE,FALSE,,,FALSE,,Heterodimer formation with UPK1B is a prerequisite to exit out of the endoplasmic reticulum (ER).
IL21 receptor,Q9HBE5,P31785,,,TRUE,FALSE,FALSE,,FALSE,TRUE,Cytokine receptor IL2 family,FALSE,FALSE,,,FALSE,,Heterodimer with the common gamma subunit.
UPK3B complex,Q9BT76,O75841,,,TRUE,FALSE,FALSE,,FALSE,FALSE,,FALSE,FALSE,,,FALSE,,Heterodimer formation with UPK1B is a prerequisite to exit out of the endoplasmic reticulum (ER).
IL33 receptor,Q01638,Q9NPH3,,,TRUE,FALSE,FALSE,,FALSE,TRUE,Cytokine receptor IL1 family,FALSE,FALSE,,,FALSE,,
DCC complex,Q8IZJ1,P43146,,,TRUE,FALSE,FALSE,,FALSE,TRUE,,FALSE,FALSE,,,FALSE,,Interacts with the cytoplasmic part of DCC.
serotonin rceptor 2,P08908,Q99527,,,TRUE,FALSE,FALSE,,FALSE,TRUE,,FALSE,FALSE,,,FALSE,,Heterodimer; heterodimerizes with GPER1.
contactin complex III,Q12860,P18433,,,TRUE,FALSE,FALSE,,FALSE,FALSE,,FALSE,FALSE,,,FALSE,,Contactin-1 associates with protein tyrosine phosphatase a (PTPa) in cis
CY24 complex,P04839,P13498,,,TRUE,FALSE,FALSE,,FALSE,FALSE,,FALSE,FALSE,,,FALSE,,Composed of a heavy chain (beta) and a light chain (alpha)
KCNE3KCNB1 complex,Q9Y6H6,Q14721,,,TRUE,FALSE,FALSE,,FALSE,FALSE,,FALSE,FALSE,,,FALSE,,Colocalizes with KCNB1 at high-density somatodendritic clusters on the surface of hippocampal neurons
MR1 complex,P61769,P61769,Q95460,,TRUE,FALSE,FALSE,,FALSE,TRUE,,FALSE,FALSE,,4gup,TRUE,B2M;MR1,"Heterodimerizes with B2M, this interaction is required for surface expression."
IL28 receptor,Q8IU57,Q08334,,,TRUE,FALSE,FALSE,,FALSE,TRUE,Cytokine receptor family,FALSE,FALSE,,5t5w,binding,IFNL3;IFNLR1;IL10RB,IFNLR1/IL10RB dimer is a receptor
opioid receptor N,P35372,Q9Y5X5,,,TRUE,FALSE,FALSE,,FALSE,TRUE,,FALSE,FALSE,,,FALSE,,"Forms homooligomers and heterooligomers with other GPCRs, such as NPFFR2 (probably in dimeric forms)"
KCND2KCIP1 complex,Q9NZV8,Q9NZI2,,,TRUE,FALSE,FALSE,,FALSE,FALSE,,FALSE,FALSE,,,FALSE,,"Interaction with KCNIP1, KCNIP2, KCNIP3 or KCNIP4 promotes expression at the cell membrane"
PlexinA1_complex2,Q9UIW2,Q9NZC2,O43914,,TRUE,FALSE,FALSE,,FALSE,TRUE,,FALSE,FALSE,,,FALSE,,PMID: 22325954
AT8A2 complex,Q9NTI2,Q9NV96,,,TRUE,FALSE,FALSE,,FALSE,FALSE,,FALSE,FALSE,,,FALSE,,Interacts with TMEM30A to form a flippase complex.
IL27 receptor,Q6UWB1,P40189,,,TRUE,FALSE,FALSE,,FALSE,TRUE,Cytokine receptor IL6 family,FALSE,FALSE,,,FALSE,,Requires IL6ST/gp130 to mediate signal transduction in response to IL27.
SLC16A1 complex,P35613,P53985,,,TRUE,FALSE,FALSE,,FALSE,FALSE,,FALSE,FALSE,,,FALSE,,Interacts with BSG; this is required for expression at the cell membrane.
aEb7 complex,P26010,P38570,,,TRUE,FALSE,FALSE,,FALSE,FALSE,,TRUE,FALSE,,,FALSE,,Well known integrin combination
UNC5C complex,O95185,P43146,,,TRUE,FALSE,FALSE,,FALSE,FALSE,,FALSE,FALSE,,,FALSE,,Interacts with the cytoplasmic part of DCC.
a4b1 complex,P05556,P13612,,,TRUE,FALSE,FALSE,,FALSE,FALSE,,TRUE,FALSE,,,FALSE,,Well known integrin combination
aVb5 complex,P18084,P06756,,,TRUE,FALSE,FALSE,,FALSE,FALSE,,TRUE,FALSE,,,FALSE,,Well known integrin combination
ABCG5ABCG8 complex,Q9H222,Q9H221,,,TRUE,FALSE,FALSE,,FALSE,FALSE,,FALSE,FALSE,,5do7,TRUE,ABCG5;ABCG8,May form heterodimers with ABCG8 or be tightly coupled to ABCG8
DSCAM complex,O60469,P43146,,,TRUE,FALSE,FALSE,,FALSE,FALSE,,FALSE,FALSE,,,FALSE,,Interacts with DCC; the interaction is abolished in response to NTN1 (By similarity).
KCND2CSEN complex,Q9NZV8,Q9Y2W7,,,TRUE,FALSE,FALSE,,FALSE,FALSE,,FALSE,FALSE,,,FALSE,,Involved in KCND2 and KCND3 trafficking to the cell surface.
GABBR1_2 complex,Q9UBS5,O75899,,,TRUE,FALSE,FALSE,,FALSE,TRUE,,FALSE,FALSE,,4mqe,TRUE,GABBR1;GABBR2,Coexpression of GABBR1 and GABBR2 is required for GABBR1 maturation and transport to the plasma membrane.
a2Bb3 complex,P08514,P05106,,,TRUE,FALSE,FALSE,,FALSE,FALSE,,TRUE,FALSE,,1kup,TRUE,ITGA2B;ITGB3,Well known integrin combination
CD8 receptor,P01732,P10966,,,TRUE,FALSE,FALSE,,FALSE,TRUE,T cell receptor add,FALSE,FALSE,,,FALSE,,In general heterodimer of an alpha and a beta chain linked by two disulfide bonds. Can also form homodimers.
KCNS1KCNB2 complex,Q96KK3,Q92953,,,TRUE,FALSE,FALSE,,FALSE,FALSE,,FALSE,FALSE,,,FALSE,,May not reach the plasma membrane but remain in an intracellular compartment in the absence of KCNB1 or KCNB2
CD277 complex,O00481,P78410,,,TRUE,FALSE,FALSE,,FALSE,FALSE,,FALSE,TRUE,Possible_receptor,,FALSE,,Collaborater suggestion
KCNS1KCNB1 complex,Q96KK3,Q14721,,,TRUE,FALSE,FALSE,,FALSE,FALSE,,FALSE,FALSE,,,FALSE,,May not reach the plasma membrane but remain in an intracellular compartment in the absence of KCNB1 or KCNB2
contactin complex IV,Q02246,Q9UHC6,,,TRUE,FALSE,FALSE,,FALSE,FALSE,,FALSE,FALSE,,,FALSE,,Interacts with contactin in cis form.
CNTF-2R,O75462,P26992,P42702,P40189,TRUE,FALSE,FALSE,,FALSE,TRUE,Cytokine receptor IL6 family,FALSE,FALSE,,,FALSE,,Cytokine receptor family; Interleukin 6 family
estrogen receptor,Q99527,P78352,,,TRUE,FALSE,FALSE,,FALSE,TRUE,estrogen receptor add,FALSE,FALSE,,,FALSE,,Interacts (via C-terminus tail motif) with DLG4 (via N-terminus tandem pair of PDZ domains); the interaction is direct and induces the increase of GPER1 protein levels residing at the plasma membrane surface in a estradiol-independent manner (By similarity)
IL12 receptor,P42701,Q99665,,,TRUE,FALSE,FALSE,,FALSE,TRUE,"Cytokine receptor IL6 family, IL12 subfamily",FALSE,FALSE,,,FALSE,,"Associated with IL12RB2 it forms a functional, high affinity receptor for IL12"
IL17 AF,Q16552,Q96PD4,,,FALSE,FALSE,TRUE,Cytokine,TRUE,FALSE,,FALSE,FALSE,,,FALSE,,
ACVR_1A2A receptor,Q04771,P27037,,,TRUE,FALSE,FALSE,,FALSE,TRUE,TGFBeta_receptor_add,FALSE,FALSE,,,FALSE,,Transmembrane serine/threonine kinase activin type-1 receptor forming an activin receptor complex with activin receptor type-2 (ACVR2A or ACVR2B).
opioid receptor C,P35372,P21554,,,TRUE,FALSE,FALSE,,FALSE,TRUE,,FALSE,FALSE,,,FALSE,,"Forms homooligomers and heterooligomers with other GPCRs, such as CNR1 (probably in dimeric forms)"
LRC52 complex,Q8N7C0,A8MYU2,,,TRUE,FALSE,FALSE,,FALSE,TRUE,,FALSE,FALSE,,,FALSE,,Expression at the cell surface may require the presence of KCNU1.
ADRA1 receptor,P35348,P35368,,,TRUE,FALSE,FALSE,,FALSE,TRUE,,FALSE,FALSE,,,FALSE,,Homo- and heterooligomer. Heterooligomerizes with ADRA1B homooligomers in cardiac myocytes.
GPER1 receptor,P34998,Q99527,,,TRUE,FALSE,FALSE,,FALSE,TRUE,hormone receptor,FALSE,FALSE,,,FALSE,,Heterodimer; heterodimerizes with GPER1 (By similarity).
a5b1 complex,P05556,P08648,,,TRUE,FALSE,FALSE,,FALSE,FALSE,,TRUE,FALSE,,,FALSE,,Well known integrin combination
AT8B4CC50A complex,Q8TF62,Q9NV96,,,TRUE,FALSE,FALSE,,FALSE,FALSE,,FALSE,FALSE,,,FALSE,,Interacts with beta subunits TMEM30A and TMEM30B
aMb2 complex,P05107,P11215,,,TRUE,FALSE,FALSE,,FALSE,FALSE,,TRUE,FALSE,,,FALSE,,Well known integrin combination
TYRP complex,P17643,P40126,,,TRUE,FALSE,FALSE,,FALSE,FALSE,,FALSE,FALSE,,,FALSE,,"Tyrosinase, TYRP1 and DCT/TYRP2 may form a multienzyme complex."
CD3 receptor EG,P07766,P09693,,,TRUE,FALSE,FALSE,,FALSE,TRUE,T cell receptor add,FALSE,FALSE,,,FALSE,,One part of CD3 complex
RAMP3 complex 2,Q16602,O60896,,,TRUE,FALSE,FALSE,,FALSE,TRUE,,FALSE,FALSE,,,FALSE,,Heterodimer of CALCRL and RAMP3 (By similarity). Heterodimer of CALCRL and RAMP1 or CALCRL and RAMP2.
SCN complex,P51172,P51168,P51170,,TRUE,FALSE,FALSE,,FALSE,FALSE,,FALSE,FALSE,,,FALSE,,"Heterotrimer containing a delta/SCNN1D, a beta/SCNN1B and a gamma/SCNN1G subunit."
PCDH15 complex,Q96QU1,Q8TAF8,,,TRUE,FALSE,FALSE,,FALSE,FALSE,,FALSE,FALSE,,,FALSE,,Efficient localization to the plasma membrane requires the presence of LHFPL5
CD79_IGHM receptor,P11912,P40259,P01871,,TRUE,FALSE,FALSE,,FALSE,TRUE,,FALSE,FALSE,,,FALSE,,Membrane-bound IgM molecules are non-covalently associated with heterodimer of CD79A and CD79B
IL2 receptor_HA,P01589,P14784,P31785,,TRUE,FALSE,FALSE,,FALSE,TRUE,Cytokine receptor IL2 family,FALSE,FALSE,,2b5i,binding,IL2;IL2RA;IL2RB;IL2RG,"A high affinity dimer, an intermediate affinity monomer (beta subunit). The high and intermediate affinity forms also associate with a gamma subunit."
IL27,Q14213,Q8NEV9,,,FALSE,FALSE,TRUE,Cytokine receptor IL6 family,TRUE,FALSE,,FALSE,FALSE,,,FALSE,,
a6b4 complex,P16144,P23229,,,TRUE,FALSE,FALSE,,FALSE,FALSE,,TRUE,FALSE,,,FALSE,,Well known integrin combination
GPVI complex,Q9HCN6,P30273,,,TRUE,FALSE,FALSE,,FALSE,TRUE,,FALSE,FALSE,,,FALSE,,Associated with Fc receptor gamma chain. The GPVI-FcRgamma complex is associated with the Src kinase family Fyn and Lyn.
TGFbeta receptor1,P36897,P37173,,,TRUE,FALSE,FALSE,,FALSE,TRUE,TGFBeta_receptor_add,FALSE,FALSE,,,FALSE,,"Heterohexamer; TGFB1, TGFB2 and TGFB3 homodimeric ligands assemble a functional receptor composed of two TGFBR1 and TGFBR2 heterodimers to form a ligand-receptor heterohexamer."
IL23,P29460,Q9NPF7,,,FALSE,FALSE,TRUE,"Cytokine receptor IL6 family, IL12 subfamily",TRUE,FALSE,,FALSE,FALSE,,3d87,TRUE,IL12B;IL12B;IL23A;IL23A,
AT8A1 complex,Q9Y2Q0,Q9NV96,,,TRUE,FALSE,FALSE,,FALSE,FALSE,,FALSE,FALSE,,,FALSE,,"Exit from the endoplasmic reticulum requires the presence of TMEM30A, but not TMEM30B. "
opioid receptor A,P35372,P08913,,,TRUE,FALSE,FALSE,,FALSE,TRUE,,FALSE,FALSE,,,FALSE,,"Forms homooligomers and heterooligomers with other GPCRs, such as ADRA2A (probably in dimeric forms)"
BMPR1A_BMPR2,P36894,Q13873,,,TRUE,FALSE,FALSE,,FALSE,TRUE,,FALSE,FALSE,,,FALSE,,"On ligand binding, forms a receptor complex consisting of two type II and two type I transmembrane serine/threonine kinases."
CD94:NKG2E,Q13241,Q07444,,,TRUE,FALSE,FALSE,,FALSE,TRUE,,FALSE,FALSE,,,FALSE,,
Type II IFNR,P15260,P38484,,,TRUE,FALSE,FALSE,,FALSE,TRUE,Cytokine receptor family,FALSE,FALSE,,1fg9,binding,IFNG;IFNG;IFNGR1;IFNGR1;IFNGR1,Associates with IFNGR2 to form a receptor for the cytokine interferon gamma (IFNG)
LRFN3LRFN4 complex,Q9BTN0,Q6PJG9,,,TRUE,FALSE,FALSE,,FALSE,FALSE,,FALSE,FALSE,,,FALSE,,"Can form heteromeric complexes with LRFN1, LRFN2, LRFN4 and LRFN5."
CD1B complex,P61769,P29016,,,TRUE,FALSE,FALSE,,FALSE,FALSE,,FALSE,FALSE,,1gzp,TRUE,B2M;CD1B,Heterodimer with B2M (beta-2-microglobulin). Interacts with MHC II.
serotonine receptor2,P28335,O75970,,,TRUE,FALSE,FALSE,,FALSE,TRUE,,FALSE,FALSE,,,FALSE,,The encoded protein is known to interact with the HTR2C receptor and may cause it to clump at the cell surface.
PlexinA3_complex1,O14786,P51805,,,TRUE,FALSE,FALSE,,FALSE,TRUE,,FALSE,FALSE,,,FALSE,,PMID: 22325954
5HT3C5HT3A complex,Q8WXA8,P46098,,,TRUE,FALSE,FALSE,,FALSE,TRUE,,FALSE,FALSE,,,FALSE,,Note: Presumably retained within the endoplasmic reticulum unless complexed with HTR3A.
IL5 receptor,P32927,Q01344,,,TRUE,FALSE,FALSE,,FALSE,TRUE,Cytokine receptor IL3 family,FALSE,FALSE,,,FALSE,,Heterodimer of an alpha and a beta subunit.
a4b7 complex,P26010,P13612,,,TRUE,FALSE,FALSE,,FALSE,FALSE,,TRUE,FALSE,,,FALSE,,Well known integrin combination
RAMP3 complex,O60896,Q16602,Q99527,,TRUE,FALSE,FALSE,,FALSE,TRUE,,FALSE,FALSE,,,FALSE,,Transports the calcitonin gene-related peptide type 1 receptor (CALCRL) and GPER1 to the plasma membrane.
a3b1 complex,P05556,P26006,,,TRUE,FALSE,FALSE,,FALSE,FALSE,,TRUE,FALSE,,,FALSE,,Well known integrin combination
PK1L1PK2L1 complex,Q8TDX9,Q9P0L9,,,TRUE,FALSE,FALSE,,FALSE,FALSE,,FALSE,FALSE,,,FALSE,,Forms a heterodimer with PKD2L1 in primary cilia and forms a calcium-permeant ciliary channel
ERBB2_ERBB4 complex,P04626,Q15303,,,TRUE,FALSE,FALSE,,FALSE,TRUE,,FALSE,FALSE,,,FALSE,,"Protein tyrosine kinase that is part of several cell surface receptor complexes, but that apparently needs a coreceptor for ligand binding."
KCNS3 complex,Q9BQ31,Q14721,,,TRUE,FALSE,FALSE,,FALSE,FALSE,,FALSE,FALSE,,,FALSE,,May not reach the plasma membrane but remain in an intracellular compartment in the absence of KCNB1
TGFbeta receptor2,P37173,Q04771,,,TRUE,FALSE,FALSE,,FALSE,TRUE,TGFBeta_receptor_add,FALSE,FALSE,,,FALSE,,
sodium channel complex,Q9Y5Y9,P60903,,,TRUE,FALSE,FALSE,,FALSE,FALSE,,FALSE,FALSE,,,FALSE,,It can be translocated to the extracellular membrane through association with S100A10.
KCND3CSEN complex,Q9UK17,Q9Y2W7,,,TRUE,FALSE,FALSE,,FALSE,FALSE,,FALSE,FALSE,,,FALSE,,Involved in KCND2 and KCND3 trafficking to the cell surface.
NCR1 receptor,O76036,P20963,P30273,,TRUE,FALSE,FALSE,,FALSE,TRUE,,FALSE,TRUE,NK receptor recognition,,FALSE,,Interacts with CD247 and FCER1G.
ATPase complex,P98196,Q9NV96,,,TRUE,FALSE,FALSE,,FALSE,FALSE,,FALSE,FALSE,,,FALSE,,"Exit from the endoplasmic reticulum requires the presence of TMEM30A, but not that of TMEM30B."
Type III IFNR,Q08334,Q8IU57,,,TRUE,FALSE,FALSE,,FALSE,TRUE,,FALSE,FALSE,,,FALSE,,
CD180 complex,Q99467,O95711,,,TRUE,FALSE,FALSE,,FALSE,TRUE,,FALSE,FALSE,,3b2d,TRUE,CD180;CD180;LY86;LY86,M-shaped tetramer of two CD180-LY86 heterodimers.
serotonine receptor1,P28222,P28221,,,TRUE,FALSE,FALSE,,FALSE,TRUE,,FALSE,FALSE,,,FALSE,,Homodimer. Heterodimer with HTR1D.
KCNS2KCNB2 complex,Q9ULS6,Q92953,,,TRUE,FALSE,FALSE,,FALSE,FALSE,,FALSE,FALSE,,,FALSE,,Heterotetramer with KCNB1 and KCNB2
CLM4 receptor,Q6UXZ3,O43914,P30273,,TRUE,FALSE,FALSE,,FALSE,TRUE,,FALSE,FALSE,,,FALSE,,Cell surface localization requires the ITAM-bearing Fc receptor FCER1G to overcome ER retention.
opioid receptor D 1,P35372,P41143,Q96DX8,,TRUE,FALSE,FALSE,,FALSE,TRUE,,FALSE,FALSE,,,FALSE,,Interacts with RTP4; the interaction promotes cell surface localization of the OPRD1-OPRM1 heterodimer (By similarity).
IL35,Q14213,P29459,,,FALSE,FALSE,TRUE,Cytokine receptor,TRUE,FALSE,,FALSE,FALSE,,,FALSE,,
opioid receptor GMP6A,P35372,P51674,,,TRUE,FALSE,FALSE,,FALSE,TRUE,,FALSE,FALSE,,,FALSE,,Interacts with OPRM1.
opioid receptor L 1,P35372,P41146,,,TRUE,FALSE,FALSE,,FALSE,TRUE,,FALSE,FALSE,,,FALSE,,"Forms homooligomers and heterooligomers with other GPCRs, such as OPRL1 (probably in dimeric forms)"
VANG complex,Q8TAA9,Q9ULK5,,,TRUE,FALSE,FALSE,,FALSE,FALSE,,FALSE,FALSE,,,FALSE,,Heterodimer with VANGL2.
ACVR_1C2A receptor,Q8NER5,P27037,,,TRUE,FALSE,FALSE,,FALSE,TRUE,,FALSE,FALSE,,,FALSE,,
a11b1 complex,P05556,Q9UKX5,,,TRUE,FALSE,FALSE,,FALSE,FALSE,,TRUE,FALSE,,,FALSE,,Well known integrin combination
LRFN2LRFN3 complex,Q9ULH4,Q9BTN0,,,TRUE,FALSE,FALSE,,FALSE,FALSE,,FALSE,FALSE,,,FALSE,,"Forms heteromeric complexes with LRFN1, LRFN3, LRFN4 and LRFN5."
UNC5A receptor,Q6ZN44,P43146,,,TRUE,FALSE,FALSE,,FALSE,TRUE,,FALSE,FALSE,,,FALSE,,Interacts with the cytoplasmic part of DCC.
Glycoprotein Ib  complex,P07359,P13224,,,TRUE,FALSE,FALSE,,FALSE,TRUE,,FALSE,FALSE,,,FALSE,,Two GP-Ib beta are disulfide-linked to one GP-Ib alpha.
SLC16A8 complex,P35613,O95907,,,TRUE,FALSE,FALSE,,FALSE,FALSE,,FALSE,TRUE,,,FALSE,,"Plays an important role in targeting the monocarboxylate transporters SLC16A1, SLC16A3 and SLC16A8 to the plasma membrane."
IL3 receptor,P32927,P26951,,,TRUE,FALSE,FALSE,,FALSE,TRUE,Cytokine receptor IL3 family,FALSE,FALSE,,,FALSE,,Heterodimer of an alpha and a beta subunit.
CD79 receptor,P11912,P40259,,,TRUE,FALSE,FALSE,,FALSE,TRUE,,FALSE,FALSE,,,FALSE,,Heterodimer of alpha and beta chains; disulfide-linked.
ACVR_1C2B receptor,Q8NER5,Q13705,,,TRUE,FALSE,FALSE,,FALSE,TRUE,,FALSE,FALSE,,,FALSE,,
FCyR3A II,P08637,P20963,,,TRUE,FALSE,FALSE,,FALSE,TRUE,Human IgG receptor,FALSE,FALSE,,,FALSE,,Exists as a heterooligomeric receptor complex with Fc epsilon receptor I gamma subunit and / or the CD3 zeta subunit.
a7b1 complex,P05556,Q13683,,,TRUE,FALSE,FALSE,,FALSE,FALSE,,TRUE,FALSE,,,FALSE,,Well known integrin combination
ACVR_1A2B receptor,Q04771,Q13705,,,TRUE,FALSE,FALSE,,FALSE,TRUE,TGFBeta_receptor_add,FALSE,FALSE,,,FALSE,,Transmembrane serine/threonine kinase activin type-1 receptor forming an activin receptor complex with activin receptor type-2 (ACVR2A or ACVR2B).
a6b1 complex,P05556,P23229,,,TRUE,FALSE,FALSE,,FALSE,FALSE,,TRUE,FALSE,,,FALSE,,Well known integrin combination
PODXL complex,O00592,O14745,,,TRUE,FALSE,FALSE,,FALSE,FALSE,,FALSE,TRUE,Migration,,FALSE,,Interacts (via the PDZ 1 domain) with PODXL (via the C-terminal PDZ-binding motif DTHL); the interaction take place early in the secretory pathway and is necessary for its apical membrane sorting (By similarity).
GMCSFR,P32927,P15509,,,TRUE,FALSE,FALSE,,FALSE,TRUE,Cytokine receptor IL3 family,FALSE,FALSE,,4nkq,binding,CSF2;CSF2RA;CSF2RB,Heterodimer of an alpha and a beta subunit.
CNTN6PTPRA complex,Q9UQ52,P18433,,,TRUE,FALSE,FALSE,,FALSE,FALSE,,FALSE,FALSE,,,FALSE,,NB-3 (contactin 6) also interacts with PTPa to regulate apical dendrite orientation in the visual cortex
IL15 receptor,P14784,P31785,,,TRUE,FALSE,FALSE,,FALSE,TRUE,Cytokine receptor IL2 family,FALSE,FALSE,,4gs7,TRUE,IL15;IL15RA;IL2RB;IL2RG,"The interleukin-15 receptor IL15R is a heterotrimer of IL15RA, IL2RB and IL2RG."
Activin ligand ab,P08476,P09529,,,FALSE,FALSE,TRUE,TGFb,TRUE,FALSE,,FALSE,FALSE,,,FALSE,,
ACVR1_BMPR2,Q04771,Q13873,,,TRUE,FALSE,FALSE,,FALSE,TRUE,,FALSE,FALSE,,,FALSE,,
ACVL1_BMPR2,P37023,Q13873,,,TRUE,FALSE,FALSE,,FALSE,TRUE,,FALSE,FALSE,,,FALSE,,
BMR1A_ACR2A,P36894,P27037,,,TRUE,FALSE,FALSE,,FALSE,TRUE,,FALSE,FALSE,,,FALSE,,
BMR1A_AVR2B,P36894,Q13705,,,TRUE,FALSE,FALSE,,FALSE,TRUE,,FALSE,FALSE,,,FALSE,,
BMR1B_AVR2A,O00238,P27037,,,TRUE,FALSE,FALSE,,FALSE,TRUE,,FALSE,FALSE,,,FALSE,,
BMR1B_AVR2B,O00238,Q13705,,,TRUE,FALSE,FALSE,,FALSE,TRUE,,FALSE,FALSE,,,FALSE,,
TGFR_BMPR2,P36897,Q13873,,,TRUE,FALSE,FALSE,,FALSE,TRUE,,FALSE,FALSE,,,FALSE,,
TGFR_AVR2A,P36897,P27037,,,TRUE,FALSE,FALSE,,FALSE,TRUE,,FALSE,FALSE,,,FALSE,,
TGFR_AVR2B,P36897,Q13705,,,TRUE,FALSE,FALSE,,FALSE,TRUE,,FALSE,FALSE,,,FALSE,,
MIS receptor 1,Q16671,P36894,,,TRUE,FALSE,FALSE,,FALSE,TRUE,,FALSE,FALSE,,,FALSE,,
MIS receptor 2,Q16671,O00238,,,TRUE,FALSE,FALSE,,FALSE,TRUE,,FALSE,FALSE,,,FALSE,,
MIS receptor 3,Q16671,Q04771,,,TRUE,FALSE,FALSE,,FALSE,TRUE,,FALSE,FALSE,,,FALSE,,
NODAL receptor,P36896,Q13705,P13385,,TRUE,FALSE,FALSE,,FALSE,TRUE,,FALSE,FALSE,,,FALSE,,
RET receptor 1,P07949,P56159,,,TRUE,FALSE,FALSE,,FALSE,TRUE,,FALSE,FALSE,,,FALSE,,
RET receptor 2,P07949,O00451,,,TRUE,FALSE,FALSE,,FALSE,TRUE,,FALSE,FALSE,,,FALSE,,
RET receptor 3,P07949,O60609,,,TRUE,FALSE,FALSE,,FALSE,TRUE,,FALSE,FALSE,,,FALSE,,
RET receptor 4,P07949,Q9GZZ7,,,TRUE,FALSE,FALSE,,FALSE,TRUE,,FALSE,FALSE,,,FALSE,,
FZD1_LRP5,O75197,Q9UP38,,,TRUE,FALSE,FALSE,,FALSE,FALSE,,FALSE,FALSE,,,FALSE,,
FZD1_LRP6,O75581,Q9UP38,,,TRUE,FALSE,FALSE,,FALSE,FALSE,,FALSE,FALSE,,,FALSE,,
FZD10_LRP5,O75197,Q9ULW2,,,TRUE,FALSE,FALSE,,FALSE,FALSE,,FALSE,FALSE,,,FALSE,,
FZD10_LRP6,O75581,Q9ULW2,,,TRUE,FALSE,FALSE,,FALSE,FALSE,,FALSE,FALSE,,,FALSE,,
FZD2_LRP5,O75197,Q14332,,,TRUE,FALSE,FALSE,,FALSE,FALSE,,FALSE,FALSE,,,FALSE,,
FZD2_LRP6,O75581,Q14332,,,TRUE,FALSE,FALSE,,FALSE,FALSE,,FALSE,FALSE,,,FALSE,,
FZD3_LRP5,O75197,Q9NPG1,,,TRUE,FALSE,FALSE,,FALSE,FALSE,,FALSE,FALSE,,,FALSE,,
FZD3_LRP6,O75581,Q9NPG1,,,TRUE,FALSE,FALSE,,FALSE,FALSE,,FALSE,FALSE,,,FALSE,,
FZD4_LRP5,O75197,Q9ULV1,,,TRUE,FALSE,FALSE,,FALSE,FALSE,,FALSE,FALSE,,,FALSE,,
FZD4_LRP6,O75581,Q9ULV1,,,TRUE,FALSE,FALSE,,FALSE,FALSE,,FALSE,FALSE,,,FALSE,,
FZD5_LRP5,O75197,Q13467,,,TRUE,FALSE,FALSE,,FALSE,FALSE,,FALSE,FALSE,,,FALSE,,
FZD5_LRP6,O75581,Q13467,,,TRUE,FALSE,FALSE,,FALSE,FALSE,,FALSE,FALSE,,,FALSE,,
FZD6_LRP5,O75197,O60353,,,TRUE,FALSE,FALSE,,FALSE,FALSE,,FALSE,FALSE,,,FALSE,,
FZD6_LRP6,O75581,O60353,,,TRUE,FALSE,FALSE,,FALSE,FALSE,,FALSE,FALSE,,,FALSE,,
FZD7_LRP5,O75197,O75084,,,TRUE,FALSE,FALSE,,FALSE,FALSE,,FALSE,FALSE,,,FALSE,,
FZD7_LRP6,O75581,O75084,,,TRUE,FALSE,FALSE,,FALSE,FALSE,,FALSE,FALSE,,,FALSE,,
FZD8_LRP5,O75197,Q9H461,,,TRUE,FALSE,FALSE,,FALSE,FALSE,,FALSE,FALSE,,,FALSE,,
FZD8_LRP6,O75581,Q9H461,,,TRUE,FALSE,FALSE,,FALSE,FALSE,,FALSE,FALSE,,,FALSE,,
FZD9_LRP5,O75197,O00144,,,TRUE,FALSE,FALSE,,FALSE,FALSE,,FALSE,FALSE,,,FALSE,,
FZD9_LRP6,O75581,O00144,,,TRUE,FALSE,FALSE,,FALSE,FALSE,,FALSE,FALSE,,,FALSE,,